Residue Number,Normalised Score
133,1.0
45,0.98772
46,0.78906
96,0.78862
8,0.56941
134,0.53318
137,0.06079
49,0.03081
39,0.02971
3,0.02834
50,0.02808
12,0.02808
127,0.02803
74,0.0276
35,0.02553
140,0.02493
17,0.02266
20,0.02266
142,0.02136
5,0.02082
34,0.01981
174,0.0193
117,0.01923
131,0.01922
83,0.01893
107,0.01841
160,0.01841
120,0.01807
48,0.01802
51,0.01802
114,0.01789
56,0.01757
78,0.01671
147,0.01648
150,0.01648
40,0.01603
38,0.01564
93,0.01549
132,0.01416
98,0.01238
95,0.01238
102,0.01215
80,0.01186
70,0.01089
144,0.01062
90,0.01047
109,0.01016
105,0.00964
138,0.00961
143,0.00936
28,0.00928
41,0.00925
43,0.00851
159,0.00839
156,0.00839
31,0.00768
129,0.00758
36,0.00751
2,0.00713
77,0.00707
59,0.0067
63,0.0067
91,0.00577
135,0.00467
151,0.00315
154,0.00315
130,0.00292
146,0.00206
32,0.00161
124,0.00104
24,0.00095
27,0.00095
44,0.00093
153,0.00087
15,0.00084
79,0.00084
72,0.00073
69,0.00073
164,0.00066
171,0.00066
29,0.00065
7,0.00065
112,0.00052
52,0.00052
55,0.00052
128,0.00041
141,0.00027
145,0.00027
139,0.00011
92,6e-05
121,6e-05
162,3e-05
166,3e-05
58,2e-05
62,2e-05
94,0.0
99,0.0
113,0.0
163,0.0
148,0.0
13,0.0
16,0.0
19,0.0
22,0.0
26,0.0
115,0.0
118,0.0
149,0.0
76,0.0
136,0.0
25,0.0
97,0.0
100,0.0
111,0.0
126,0.0
42,0.0
54,0.0
68,0.0
122,0.0
123,0.0
158,0.0
161,0.0
4,0.0
6,0.0
9,0.0
10,0.0
11,0.0
14,0.0
18,0.0
21,0.0
23,0.0
30,0.0
33,0.0
37,0.0
47,0.0
53,0.0
57,0.0
60,0.0
61,0.0
64,0.0
65,0.0
66,0.0
67,0.0
71,0.0
73,0.0
75,0.0
81,0.0
82,0.0
84,0.0
85,0.0
86,0.0
87,0.0
88,0.0
89,0.0
101,0.0
103,0.0
104,0.0
106,0.0
108,0.0
110,0.0
116,0.0
119,0.0
125,0.0
152,0.0
155,0.0
157,0.0
165,0.0
167,0.0
168,0.0
169,0.0
170,0.0
172,0.0
173,0.0
