Residue Number,Normalised Score
133,1.0
45,0.89356
96,0.55325
8,0.54926
134,0.47211
129,0.4631
5,0.43586
46,0.40759
93,0.37575
2,0.34292
49,0.29839
130,0.27809
137,0.26936
135,0.26668
41,0.23324
90,0.18869
91,0.15839
136,0.15315
3,0.12368
48,0.10659
42,0.06759
47,0.05261
59,0.04857
4,0.04333
32,0.03356
7,0.03196
147,0.02622
40,0.02465
154,0.02419
56,0.02386
121,0.02334
125,0.02039
120,0.01891
44,0.01741
89,0.01705
37,0.01512
36,0.01397
33,0.01315
128,0.01309
124,0.01292
132,0.01277
92,0.01264
152,0.011
63,0.00994
126,0.0061
95,0.00598
122,0.00574
140,0.00492
38,0.00491
64,0.00439
39,0.00359
94,0.00355
34,0.00336
102,0.00278
163,0.00269
159,0.00241
151,0.00228
153,0.00204
116,0.00185
104,0.0018
150,0.00177
162,0.00162
131,0.00155
145,0.00147
171,0.00146
144,0.00145
166,0.00135
165,0.00124
127,0.00112
160,0.00109
141,0.00107
60,0.00105
164,0.00098
28,0.00091
112,0.00085
119,0.00071
115,0.00071
43,0.00071
22,0.00064
143,0.0006
25,0.00059
142,0.00058
156,0.00056
114,0.00054
113,0.00053
58,0.00048
138,0.00045
61,0.00044
82,0.00042
85,0.00042
99,0.00041
71,0.00041
100,0.0004
6,0.00037
109,0.00034
10,0.00034
68,0.00034
117,0.00032
19,0.00031
148,0.0003
15,0.0003
72,0.00029
123,0.00028
31,0.00027
50,0.00027
70,0.00026
21,0.00025
146,0.00025
57,0.00024
35,0.00023
101,0.00023
110,0.00022
155,0.00021
65,0.00021
118,0.00021
111,0.00021
74,0.00021
62,0.0002
79,0.0002
83,0.00019
75,0.00018
98,0.00018
67,0.00018
158,0.00017
52,0.00016
80,0.00016
18,0.00015
53,0.00015
106,0.00014
66,0.00014
108,0.00013
51,0.00013
24,0.00013
107,0.00012
54,0.00012
97,0.00011
76,0.0001
103,0.0001
78,0.0001
11,0.0001
149,0.0001
174,9e-05
139,9e-05
55,9e-05
13,8e-05
73,8e-05
20,8e-05
86,7e-05
105,7e-05
16,6e-05
29,6e-05
27,5e-05
26,5e-05
168,4e-05
12,4e-05
157,4e-05
77,3e-05
9,3e-05
161,3e-05
30,3e-05
169,3e-05
172,3e-05
23,1e-05
81,0.0
84,0.0
14,0.0
17,0.0
69,0.0
87,0.0
88,0.0
167,0.0
170,0.0
173,0.0
