Residue Number,Normalised Score
133,1.0
45,0.94105
2,0.92821
129,0.80263
90,0.78629
137,0.6788
41,0.61236
134,0.58336
96,0.55319
93,0.54676
46,0.52859
5,0.52256
8,0.51859
49,0.51667
120,0.40702
91,0.40351
3,0.39805
32,0.39585
135,0.36988
130,0.35828
42,0.35201
136,0.31963
132,0.29493
44,0.27179
47,0.27059
48,0.26004
89,0.25015
154,0.24489
95,0.22882
138,0.21985
40,0.21535
39,0.213
131,0.2127
147,0.2067
127,0.20664
7,0.20471
128,0.20023
144,0.19447
113,0.19389
63,0.19364
56,0.18105
94,0.17837
59,0.17702
38,0.17316
6,0.16328
121,0.16209
125,0.16173
126,0.15548
43,0.1551
25,0.14584
116,0.14437
28,0.13898
50,0.1376
98,0.1373
60,0.13589
151,0.13541
37,0.13499
115,0.13457
152,0.13063
27,0.12676
114,0.12639
171,0.12388
119,0.12193
124,0.1203
83,0.11822
36,0.11787
52,0.11647
29,0.1151
140,0.11313
117,0.11278
161,0.10988
109,0.10923
112,0.10751
10,0.10452
31,0.10375
66,0.09958
24,0.09942
64,0.09793
165,0.0952
21,0.09511
162,0.095
150,0.09381
166,0.09091
4,0.08831
104,0.08789
33,0.08558
163,0.08511
35,0.08421
164,0.08392
99,0.08205
26,0.0783
76,0.07733
146,0.07732
159,0.07656
139,0.07334
92,0.0703
155,0.07006
58,0.06734
15,0.06723
72,0.06543
160,0.06526
78,0.06343
156,0.06231
34,0.06202
11,0.0609
118,0.05966
74,0.05844
142,0.05805
110,0.0563
16,0.05559
62,0.05416
51,0.05175
100,0.05095
106,0.05083
122,0.05033
22,0.04926
71,0.04884
30,0.04849
108,0.04767
12,0.04741
158,0.04707
19,0.04695
67,0.04688
77,0.04589
54,0.04569
18,0.04553
174,0.04527
153,0.04511
123,0.04485
145,0.04464
20,0.04426
70,0.04363
143,0.04341
79,0.04299
57,0.04216
168,0.04085
55,0.04071
97,0.03923
73,0.03838
75,0.03837
107,0.03659
111,0.03655
65,0.03604
148,0.03551
23,0.03534
13,0.03495
157,0.03491
101,0.03383
103,0.03231
80,0.03178
149,0.03137
82,0.03037
85,0.03037
167,0.02983
105,0.02847
17,0.02796
81,0.02702
84,0.02702
61,0.02662
68,0.02661
69,0.02654
9,0.02492
141,0.0222
14,0.02192
53,0.01962
102,0.01822
169,0.01739
172,0.01739
86,0.01732
87,0.0
88,0.0
170,0.0
173,0.0
