Residue Number,Normalised Score
133,1.0
45,0.89191
129,0.70595
2,0.69123
137,0.60005
8,0.59734
93,0.57348
5,0.57126
96,0.55999
134,0.51808
90,0.48972
46,0.48718
49,0.47425
41,0.41539
3,0.40905
91,0.39286
32,0.29713
136,0.23826
42,0.2118
130,0.20848
39,0.19006
120,0.17637
135,0.17404
132,0.16361
48,0.15232
44,0.14867
47,0.13862
7,0.13603
121,0.12738
147,0.12078
125,0.1131
154,0.10874
40,0.10148
95,0.08843
128,0.08786
89,0.08619
4,0.08123
34,0.07768
56,0.07604
59,0.07536
144,0.07472
28,0.06889
33,0.0688
36,0.06613
151,0.06606
124,0.06573
37,0.06271
38,0.06238
6,0.06133
29,0.05933
60,0.05931
31,0.05926
92,0.05848
25,0.05537
63,0.05507
131,0.05461
94,0.04984
126,0.0489
27,0.04862
127,0.04607
35,0.0457
115,0.04213
138,0.04151
119,0.04095
43,0.04085
152,0.04062
26,0.03976
50,0.03869
64,0.02996
116,0.02801
113,0.02658
153,0.02625
10,0.02554
150,0.02351
140,0.02241
122,0.02196
66,0.02182
30,0.02123
163,0.02085
114,0.01987
65,0.01978
98,0.0195
62,0.01903
165,0.01791
162,0.01661
161,0.01559
142,0.01558
67,0.01534
21,0.01475
139,0.01426
164,0.01398
155,0.01341
83,0.01304
78,0.01291
166,0.01285
22,0.01277
99,0.01266
76,0.01261
159,0.01254
24,0.01226
109,0.01206
174,0.01166
171,0.01125
117,0.01118
112,0.01102
168,0.01024
146,0.01022
104,0.00972
71,0.0097
52,0.00922
74,0.00912
106,0.00904
143,0.00901
97,0.0083
70,0.00827
160,0.00819
57,0.00817
58,0.0077
118,0.00769
141,0.00703
158,0.00647
19,0.00631
15,0.00611
123,0.00611
61,0.00606
72,0.00584
110,0.00578
51,0.00559
73,0.00528
53,0.00527
101,0.00502
156,0.00502
100,0.00483
54,0.00477
11,0.00476
169,0.00426
172,0.00426
16,0.00403
75,0.00373
103,0.00369
79,0.00352
77,0.00352
20,0.00315
12,0.00296
69,0.0029
13,0.00282
82,0.00282
85,0.00282
81,0.00281
84,0.00281
108,0.00281
107,0.00263
145,0.00259
14,0.00258
23,0.00247
102,0.00244
68,0.00204
18,0.00186
55,0.00152
111,0.00139
167,0.00117
157,0.00096
80,0.00096
9,0.00065
148,0.00038
17,0.0
86,0.0
87,0.0
88,0.0
105,0.0
149,0.0
170,0.0
173,0.0
