Residue Number,Normalised Score
46,1.0
96,1.0
133,0.0166
129,0.01344
90,0.01297
140,0.0114
143,0.01139
8,0.01073
152,0.00926
11,0.00838
25,0.0073
47,0.00704
93,0.0068
120,0.0068
63,0.00679
5,0.00639
115,0.0058
118,0.0058
49,0.00571
134,0.00365
39,0.00279
32,0.00235
135,0.00233
131,0.00233
2,0.00199
36,0.00091
40,0.00059
48,0.00049
21,0.00029
26,0.00021
30,0.00021
58,0.00013
62,0.00013
56,0.00012
43,0.00012
59,9e-05
45,8e-05
144,8e-05
139,8e-05
52,7e-05
55,3e-05
18,2e-05
12,1e-05
16,1e-05
72,1e-05
75,1e-05
98,1e-05
109,1e-05
64,0.0
89,0.0
102,0.0
130,0.0
42,0.0
80,0.0
83,0.0
38,0.0
116,0.0
74,0.0
70,0.0
112,0.0
101,0.0
110,0.0
113,0.0
132,0.0
128,0.0
153,0.0
125,0.0
105,0.0
108,0.0
68,0.0
6,0.0
124,0.0
127,0.0
148,0.0
165,0.0
168,0.0
94,0.0
122,0.0
51,0.0
114,0.0
154,0.0
156,0.0
97,0.0
136,0.0
147,0.0
57,0.0
99,0.0
100,0.0
104,0.0
10,0.0
22,0.0
35,0.0
50,0.0
54,0.0
29,0.0
61,0.0
95,0.0
107,0.0
111,0.0
123,0.0
3,0.0
4,0.0
7,0.0
9,0.0
13,0.0
14,0.0
15,0.0
17,0.0
19,0.0
20,0.0
23,0.0
24,0.0
27,0.0
28,0.0
31,0.0
33,0.0
34,0.0
37,0.0
41,0.0
44,0.0
53,0.0
60,0.0
65,0.0
66,0.0
67,0.0
69,0.0
71,0.0
73,0.0
76,0.0
77,0.0
78,0.0
79,0.0
81,0.0
82,0.0
84,0.0
85,0.0
86,0.0
87,0.0
88,0.0
91,0.0
92,0.0
103,0.0
106,0.0
117,0.0
119,0.0
121,0.0
126,0.0
137,0.0
138,0.0
141,0.0
142,0.0
145,0.0
146,0.0
149,0.0
150,0.0
151,0.0
155,0.0
157,0.0
158,0.0
159,0.0
160,0.0
161,0.0
162,0.0
163,0.0
164,0.0
166,0.0
167,0.0
169,0.0
170,0.0
171,0.0
172,0.0
173,0.0
174,0.0
