Residue Number,Normalised Score
45,1.0
133,0.91833
96,0.72659
8,0.65306
93,0.53976
49,0.48741
137,0.48563
129,0.42761
134,0.4101
2,0.36387
5,0.3633
46,0.3401
136,0.26492
41,0.22462
130,0.21129
3,0.20457
135,0.20295
90,0.15633
132,0.11996
91,0.11642
42,0.10337
47,0.1009
121,0.06724
125,0.04516
92,0.03912
154,0.03333
120,0.03311
48,0.03052
4,0.02958
147,0.02824
56,0.02657
144,0.02525
33,0.02148
59,0.01643
32,0.01041
60,0.01036
34,0.0099
39,0.00908
95,0.00724
27,0.00586
31,0.00585
89,0.00517
7,0.00515
64,0.00458
128,0.00366
151,0.00352
124,0.00352
140,0.00335
44,0.00254
163,0.00232
38,0.00208
127,0.00208
37,0.00206
164,0.00202
103,0.00192
160,0.00185
150,0.00184
161,0.00172
153,0.00135
156,0.00118
122,0.00107
40,0.00079
145,0.00073
61,0.0007
36,0.00069
63,0.00068
57,0.00068
171,0.00065
166,0.00059
141,0.0005
28,0.00048
16,0.00048
106,0.00048
81,0.00048
84,0.00048
24,0.00048
139,0.00044
66,0.00043
143,0.00041
104,0.0004
12,0.00039
162,0.00035
142,0.00035
62,0.00034
6,0.00034
82,0.00034
85,0.00034
102,0.00034
50,0.00033
114,0.00033
131,0.00032
11,0.0003
113,0.00029
159,0.00028
152,0.00027
117,0.00027
165,0.00024
83,0.00024
168,0.00023
58,0.00023
126,0.00021
100,0.00021
146,0.00021
138,0.00021
74,0.0002
112,0.0002
15,0.0002
43,0.00018
54,0.00018
76,0.00016
29,0.00016
65,0.00016
10,0.00016
35,0.00015
98,0.00014
52,0.00014
116,0.00014
80,0.00014
109,0.00014
77,0.00014
174,0.00013
72,0.00013
26,0.00012
101,0.00012
75,0.00012
18,0.00012
107,0.00012
70,0.00011
108,0.00011
19,0.00011
155,0.00011
21,0.0001
67,9e-05
25,9e-05
167,9e-05
158,9e-05
71,8e-05
99,8e-05
20,7e-05
23,7e-05
17,7e-05
78,6e-05
68,5e-05
157,5e-05
115,5e-05
51,5e-05
94,5e-05
105,5e-05
22,5e-05
79,5e-05
86,4e-05
111,4e-05
110,4e-05
118,3e-05
30,3e-05
149,3e-05
73,3e-05
148,3e-05
123,2e-05
13,2e-05
55,2e-05
119,2e-05
53,1e-05
69,1e-05
9,1e-05
169,1e-05
172,1e-05
14,1e-05
97,0.0
87,0.0
88,0.0
170,0.0
173,0.0
