Residue Number,Normalised Score
56,1.0
146,0.92649
93,0.86336
81,0.86056
54,0.82567
144,0.79702
46,0.79072
118,0.77966
45,0.77819
156,0.73436
43,0.71397
171,0.70734
55,0.70107
168,0.69946
130,0.6836
87,0.6433
142,0.60758
76,0.58277
169,0.58255
134,0.58169
41,0.57089
25,0.56916
75,0.54136
42,0.53429
68,0.53311
120,0.52571
40,0.50925
112,0.50103
52,0.49419
44,0.48461
172,0.4822
121,0.45202
79,0.44275
155,0.43825
167,0.43314
129,0.42694
157,0.41911
29,0.41511
59,0.40962
16,0.40542
117,0.3948
53,0.39471
143,0.39326
131,0.38252
161,0.37055
138,0.36462
133,0.36393
119,0.3581
107,0.35349
22,0.34038
135,0.33718
32,0.33548
115,0.33477
163,0.3344
139,0.32265
6,0.32123
51,0.31355
162,0.31185
77,0.30489
74,0.3021
105,0.29731
92,0.29671
7,0.29534
33,0.28681
141,0.28599
28,0.28236
165,0.27588
145,0.27095
125,0.269
78,0.26638
80,0.26599
140,0.26533
91,0.26196
123,0.25776
34,0.25684
57,0.2544
166,0.25398
100,0.2532
122,0.24953
153,0.24789
88,0.24713
97,0.23925
94,0.23783
151,0.23685
3,0.23665
37,0.23509
58,0.23316
132,0.23162
47,0.23071
128,0.22949
150,0.22702
164,0.22041
108,0.21918
35,0.21763
104,0.21721
11,0.21712
30,0.21691
5,0.21502
65,0.21422
82,0.21295
50,0.20982
147,0.20946
71,0.20055
21,0.19895
106,0.19826
36,0.19236
83,0.18539
2,0.18449
173,0.1824
114,0.18173
14,0.17856
111,0.17592
26,0.17507
95,0.1746
48,0.17442
84,0.17266
124,0.16888
99,0.1687
72,0.16549
63,0.16408
62,0.1593
136,0.15592
89,0.15332
98,0.15196
31,0.1486
73,0.14213
90,0.13814
110,0.13421
23,0.13401
64,0.13052
109,0.12962
61,0.12954
24,0.12719
127,0.12404
18,0.11876
4,0.11753
9,0.11614
170,0.11309
12,0.11038
159,0.11037
38,0.10733
152,0.10356
8,0.10297
101,0.09982
17,0.09755
158,0.09734
102,0.09636
69,0.09394
149,0.09253
19,0.08981
70,0.08863
67,0.08425
96,0.08146
39,0.08071
126,0.07727
137,0.07487
116,0.07166
86,0.07004
103,0.06813
113,0.066
49,0.06419
15,0.0608
148,0.05934
13,0.05271
66,0.04829
154,0.04376
10,0.04126
60,0.04122
160,0.03033
27,0.02923
20,0.02205
85,0.0
