Residue Number,Normalised Score
171,1.0
56,0.88776
54,0.88349
144,0.87436
146,0.76328
118,0.74243
81,0.7159
52,0.62107
168,0.60947
142,0.60034
93,0.5917
46,0.56893
156,0.56312
45,0.56087
40,0.53373
43,0.50426
55,0.49809
172,0.4943
155,0.4601
169,0.42444
87,0.41605
157,0.39885
41,0.35174
134,0.34426
53,0.3376
79,0.33692
75,0.33587
130,0.32979
112,0.32246
117,0.2933
59,0.28424
25,0.27134
84,0.26818
76,0.26787
167,0.25296
107,0.25109
119,0.24715
44,0.24368
129,0.23826
51,0.23508
120,0.22242
83,0.22223
105,0.2152
161,0.21396
82,0.20906
16,0.20826
147,0.20757
68,0.20439
162,0.19848
139,0.19319
173,0.18795
143,0.18758
106,0.17919
121,0.17678
163,0.172
42,0.17063
74,0.16827
141,0.16241
115,0.16009
22,0.15788
140,0.15659
80,0.14778
135,0.14322
131,0.14041
72,0.12679
30,0.12334
29,0.12074
57,0.11296
32,0.11143
138,0.10941
99,0.10881
3,0.10088
100,0.10071
28,0.09987
71,0.09251
94,0.09039
128,0.09021
170,0.08818
58,0.08794
97,0.07193
77,0.06504
114,0.06494
26,0.06473
33,0.06042
7,0.05964
145,0.05934
125,0.05904
78,0.0568
133,0.05665
151,0.0562
14,0.05508
6,0.05389
153,0.05349
88,0.04989
95,0.0485
92,0.04784
124,0.04689
132,0.046
47,0.04506
123,0.0441
108,0.04354
111,0.04311
31,0.04019
164,0.03862
65,0.03834
104,0.03817
98,0.03771
110,0.03681
127,0.03679
91,0.03503
35,0.03428
122,0.03313
149,0.03308
34,0.03248
39,0.03203
5,0.03192
73,0.03021
165,0.03006
152,0.02932
37,0.02915
11,0.02784
116,0.02768
50,0.02693
166,0.02547
21,0.02546
158,0.02518
23,0.02365
86,0.02359
89,0.02262
2,0.02238
136,0.02222
70,0.02158
159,0.02075
113,0.02059
96,0.01968
8,0.01962
150,0.01917
64,0.01839
62,0.018
36,0.0167
61,0.01659
38,0.01522
160,0.01521
24,0.01486
17,0.01355
63,0.0125
12,0.0115
18,0.01091
48,0.01066
66,0.01011
103,0.00996
15,0.00982
19,0.00952
9,0.00761
49,0.00753
69,0.00735
67,0.00714
148,0.00708
4,0.00707
20,0.00681
90,0.00587
101,0.00584
137,0.00583
102,0.00498
13,0.00411
27,0.00085
60,0.00064
109,0.00058
10,0.00028
85,0.0
126,0.0
154,0.0
