Feature,Score
45Thr 133Thr Hbond,0.94836
46Leu 96Leu Hydrophobic,0.91223
8Leu 134Leu Hydrophobic,0.90322
45Thr 91Ser Hbond,0.76055
45Thr 93Thr Hbond,0.72984
3Ser 133Thr Hbond,0.72272
2Tyr 129Trp Hbond,0.72072
5Thr 137Gln Hbond,0.70427
48Val 90Tyr Hbond,0.70229
49Gln 93Thr Hbond,0.70174
2Tyr 136Val Hbond,0.7017
5Thr 133Thr Hbond,0.68993
8Leu 137Gln Hbond,0.66538
49Gln 96Leu Hbond,0.63694
3Ser 129Trp Hbond,0.63111
2Tyr 147Leu Hbond,0.62636
49Gln 90Tyr Hbond,0.59439
59Leu 90Tyr Hbond,0.57258
2Tyr 137Gln Hbond,0.57149
41Trp 91Ser Hbond,0.56106
2Tyr 154Ala Hbond,0.51943
60Lys 90Tyr Hbond,0.48511
56Lys 90Tyr Hbond,0.46171
4Pro 137Gln Hbond,0.46126
1Met 132Glu Hbond,0.42931
44Glu 90Tyr Hbond,0.4089
2Tyr 144Lys Hbond,0.40776
2Tyr 132Glu Hbond,0.40768
63Gly 89Met Hbond,0.36982
2Tyr 151Gly Hbond,0.3636
44Glu 89Met Hbond,0.35655
1Met 152Pro Hbond,0.3522
2Tyr 152Pro Hbond,0.33014
64Pro 89Met Hbond,0.32712
1Met 154Ala Hbond,0.31899
44Glu 91Ser Hbond,0.30664
63Gly 90Tyr Hbond,0.28952
3Ser 132Glu Hbond,0.27836
45Thr 90Tyr Hbond,0.25338
1Met 155Thr Hbond,0.22841
2Tyr 133Thr Hbond,0.19954
64Pro 90Tyr Hbond,0.18439
66Ala 90Tyr Hbond,0.15482
66Ala 89Met Hbond,0.13743
5Thr 129Trp Hbond,0.13257
35Ser 125Glu Hbond,0.12519
41Trp 93Thr Hbond,0.12443
65Ala 89Met Hbond,0.11571
38Val 126Val Hydrophobic,0.10545
1Met 153Ala Hbond,0.08345
