Feature,Score
8Leu 134Leu Hydrophobic,0.79764
46Leu 96Leu Hydrophobic,0.78539
45Thr 133Thr Hbond,0.58449
45Thr 93Thr Hbond,0.58053
5Thr 137Gln Hbond,0.53353
3Ser 133Thr Hbond,0.53247
5Thr 133Thr Hbond,0.52825
49Gln 93Thr Hbond,0.52296
45Thr 91Ser Hbond,0.52032
49Gln 96Leu Hbond,0.46025
2Tyr 129Trp Hbond,0.44364
8Leu 137Gln Hbond,0.42856
2Tyr 136Val Hbond,0.33483
48Val 90Tyr Hbond,0.28452
2Tyr 147Leu Hbond,0.27874
3Ser 129Trp Hbond,0.26884
49Gln 90Tyr Hbond,0.23973
4Pro 137Gln Hbond,0.22297
41Trp 91Ser Hbond,0.20821
56Lys 90Tyr Hbond,0.19898
59Leu 90Tyr Hbond,0.19005
44Glu 91Ser Hbond,0.18854
2Tyr 154Ala Hbond,0.18776
2Tyr 137Gln Hbond,0.18241
60Lys 90Tyr Hbond,0.15806
2Tyr 144Lys Hbond,0.15283
3Ser 132Glu Hbond,0.15259
2Tyr 151Gly Hbond,0.13109
1Met 132Glu Hbond,0.12664
2Tyr 132Glu Hbond,0.11731
44Glu 90Tyr Hbond,0.10626
41Trp 93Thr Hbond,0.09241
63Gly 90Tyr Hbond,0.07915
44Glu 89Met Hbond,0.07161
1Met 152Pro Hbond,0.06823
63Gly 89Met Hbond,0.06822
2Tyr 133Thr Hbond,0.06043
45Thr 90Tyr Hbond,0.05851
2Tyr 152Pro Hbond,0.0512
64Pro 89Met Hbond,0.05046
35Ser 125Glu Hbond,0.04275
1Met 153Ala Hbond,0.04169
1Met 154Ala Hbond,0.04111
66Ala 90Tyr Hbond,0.03748
65Ala 89Met Hbond,0.02999
5Thr 129Trp Hbond,0.0299
1Met 155Thr Hbond,0.02213
64Pro 90Tyr Hbond,0.01898
38Val 126Val Hydrophobic,0.01861
66Ala 89Met Hbond,0.01315
