Feature,Score
45Thr 133Thr Hbond,0.9422
46Leu 96Leu Hydrophobic,0.90193
8Leu 134Leu Hydrophobic,0.88783
45Thr 91Ser Hbond,0.75652
3Ser 133Thr Hbond,0.72027
45Thr 93Thr Hbond,0.71258
2Tyr 129Trp Hbond,0.69973
5Thr 137Gln Hbond,0.69805
48Val 90Tyr Hbond,0.69676
2Tyr 136Val Hbond,0.69386
49Gln 93Thr Hbond,0.69306
5Thr 133Thr Hbond,0.67761
8Leu 137Gln Hbond,0.6423
49Gln 96Leu Hbond,0.62917
3Ser 129Trp Hbond,0.6246
2Tyr 147Leu Hbond,0.61527
41Trp 90Tyr Hbond,0.60329
49Gln 90Tyr Hbond,0.59482
2Tyr 137Gln Hbond,0.57464
59Leu 90Tyr Hbond,0.56391
41Trp 91Ser Hbond,0.55553
2Tyr 154Ala Hbond,0.50927
60Lys 90Tyr Hbond,0.48168
4Pro 137Gln Hbond,0.46345
56Lys 90Tyr Hbond,0.46106
1Met 132Glu Hbond,0.42831
44Glu 90Tyr Hbond,0.40179
2Tyr 132Glu Hbond,0.40113
2Tyr 144Lys Hbond,0.39915
63Gly 89Met Hbond,0.36471
44Glu 89Met Hbond,0.36046
2Tyr 151Gly Hbond,0.35484
1Met 152Pro Hbond,0.35284
64Pro 89Met Hbond,0.33427
2Tyr 152Pro Hbond,0.32166
1Met 154Ala Hbond,0.31119
44Glu 91Ser Hbond,0.30627
63Gly 90Tyr Hbond,0.29315
3Ser 132Glu Hbond,0.26793
45Thr 90Tyr Hbond,0.23904
2Tyr 133Thr Hbond,0.20728
1Met 155Thr Hbond,0.20483
64Pro 90Tyr Hbond,0.17883
66Ala 90Tyr Hbond,0.15056
66Ala 89Met Hbond,0.149
41Trp 93Thr Hbond,0.12673
35Ser 125Glu Hbond,0.12394
5Thr 129Trp Hbond,0.11852
38Val 126Val Hydrophobic,0.10024
65Ala 89Met Hbond,0.09619
1Met 153Ala Hbond,0.07565
