Residue Number,Normalised Score
2,1.0
45,0.9016
133,0.89112
90,0.85436
137,0.71328
8,0.6466
96,0.63838
49,0.61304
93,0.60546
5,0.57216
3,0.49787
91,0.47114
134,0.4222
46,0.40578
129,0.38393
41,0.28246
132,0.20701
44,0.18918
136,0.169
48,0.14707
147,0.1399
89,0.12883
154,0.1213
4,0.11757
56,0.10452
59,0.10251
60,0.08548
144,0.08197
63,0.08051
151,0.07034
152,0.06111
64,0.0413
66,0.03016
35,0.01876
125,0.01876
153,0.01841
65,0.01507
155,0.01108
38,0.00778
126,0.00778
6,0.0
7,0.0
9,0.0
10,0.0
11,0.0
12,0.0
13,0.0
14,0.0
15,0.0
16,0.0
17,0.0
18,0.0
19,0.0
20,0.0
21,0.0
22,0.0
23,0.0
24,0.0
25,0.0
26,0.0
27,0.0
28,0.0
29,0.0
30,0.0
31,0.0
32,0.0
33,0.0
34,0.0
36,0.0
37,0.0
39,0.0
40,0.0
42,0.0
43,0.0
47,0.0
50,0.0
51,0.0
52,0.0
53,0.0
54,0.0
55,0.0
57,0.0
58,0.0
61,0.0
62,0.0
67,0.0
68,0.0
69,0.0
70,0.0
71,0.0
72,0.0
73,0.0
74,0.0
75,0.0
76,0.0
77,0.0
78,0.0
79,0.0
80,0.0
81,0.0
82,0.0
83,0.0
84,0.0
85,0.0
86,0.0
87,0.0
88,0.0
92,0.0
94,0.0
95,0.0
97,0.0
98,0.0
99,0.0
100,0.0
101,0.0
102,0.0
103,0.0
104,0.0
105,0.0
106,0.0
107,0.0
108,0.0
109,0.0
110,0.0
111,0.0
112,0.0
113,0.0
114,0.0
115,0.0
116,0.0
117,0.0
118,0.0
119,0.0
120,0.0
121,0.0
122,0.0
123,0.0
124,0.0
127,0.0
128,0.0
130,0.0
131,0.0
135,0.0
138,0.0
139,0.0
140,0.0
141,0.0
142,0.0
143,0.0
145,0.0
146,0.0
148,0.0
149,0.0
150,0.0
