Feature,Score
8Leu 134Leu Hydrophobic,0.83005
46Leu 96Leu Hydrophobic,0.79875
45Thr 133Thr Hbond,0.59159
45Thr 93Thr Hbond,0.59096
5Thr 133Thr Hbond,0.55334
3Ser 133Thr Hbond,0.54302
5Thr 137Gln Hbond,0.54035
45Thr 91Ser Hbond,0.52923
49Gln 93Thr Hbond,0.51397
49Gln 96Leu Hbond,0.45933
2Tyr 129Trp Hbond,0.44837
8Leu 137Gln Hbond,0.43995
2Tyr 136Val Hbond,0.32754
48Val 90Tyr Hbond,0.2859
3Ser 129Trp Hbond,0.28075
2Tyr 147Leu Hbond,0.27437
41Trp 90Tyr Hbond,0.26326
49Gln 90Tyr Hbond,0.23284
4Pro 137Gln Hbond,0.23009
41Trp 91Ser Hbond,0.20666
56Lys 90Tyr Hbond,0.20658
59Leu 90Tyr Hbond,0.20116
2Tyr 154Ala Hbond,0.19059
44Glu 91Ser Hbond,0.18748
2Tyr 137Gln Hbond,0.18666
60Lys 90Tyr Hbond,0.1696
2Tyr 144Lys Hbond,0.16251
3Ser 132Glu Hbond,0.15491
2Tyr 151Gly Hbond,0.13694
1Met 132Glu Hbond,0.12823
2Tyr 132Glu Hbond,0.12641
44Glu 90Tyr Hbond,0.10182
41Trp 93Thr Hbond,0.08718
63Gly 90Tyr Hbond,0.08044
44Glu 89Met Hbond,0.07872
63Gly 89Met Hbond,0.07389
1Met 152Pro Hbond,0.06836
45Thr 90Tyr Hbond,0.06434
2Tyr 133Thr Hbond,0.06364
64Pro 89Met Hbond,0.05267
1Met 154Ala Hbond,0.05038
2Tyr 152Pro Hbond,0.0484
66Ala 90Tyr Hbond,0.0418
35Ser 125Glu Hbond,0.03962
1Met 153Ala Hbond,0.03799
64Pro 90Tyr Hbond,0.03205
5Thr 129Trp Hbond,0.03199
65Ala 89Met Hbond,0.02827
1Met 155Thr Hbond,0.02135
38Val 126Val Hydrophobic,0.01561
66Ala 89Met Hbond,0.01476
