Feature,Score
8Leu 134Leu Hydrophobic,0.82741
46Leu 96Leu Hydrophobic,0.79691
45Thr 133Thr Hbond,0.59122
45Thr 93Thr Hbond,0.59099
5Thr 133Thr Hbond,0.55268
3Ser 133Thr Hbond,0.54421
5Thr 137Gln Hbond,0.54224
45Thr 91Ser Hbond,0.52874
49Gln 93Thr Hbond,0.51675
49Gln 96Leu Hbond,0.4585
2Tyr 129Trp Hbond,0.44803
8Leu 137Gln Hbond,0.43709
2Tyr 136Val Hbond,0.32919
48Val 90Tyr Hbond,0.2902
3Ser 129Trp Hbond,0.2776
2Tyr 147Leu Hbond,0.27683
41Trp 90Tyr Hbond,0.26523
49Gln 90Tyr Hbond,0.23302
4Pro 137Gln Hbond,0.22823
41Trp 91Ser Hbond,0.20767
56Lys 90Tyr Hbond,0.20664
59Leu 90Tyr Hbond,0.20043
2Tyr 154Ala Hbond,0.19084
2Tyr 137Gln Hbond,0.18922
44Glu 91Ser Hbond,0.18869
60Lys 90Tyr Hbond,0.17013
2Tyr 144Lys Hbond,0.15981
3Ser 132Glu Hbond,0.15569
2Tyr 151Gly Hbond,0.13883
1Met 132Glu Hbond,0.12667
2Tyr 132Glu Hbond,0.12648
44Glu 90Tyr Hbond,0.10124
41Trp 93Thr Hbond,0.08737
44Glu 89Met Hbond,0.07866
63Gly 90Tyr Hbond,0.0782
63Gly 89Met Hbond,0.0746
1Met 152Pro Hbond,0.07215
45Thr 90Tyr Hbond,0.06643
2Tyr 133Thr Hbond,0.06397
64Pro 89Met Hbond,0.05202
1Met 154Ala Hbond,0.05098
2Tyr 152Pro Hbond,0.05045
66Ala 90Tyr Hbond,0.04215
35Ser 125Glu Hbond,0.03856
1Met 153Ala Hbond,0.03689
5Thr 129Trp Hbond,0.03104
64Pro 90Tyr Hbond,0.03022
65Ala 89Met Hbond,0.03001
1Met 155Thr Hbond,0.02144
66Ala 89Met Hbond,0.01629
38Val 126Val Hydrophobic,0.01531
