Feature,Score
8Leu 134Leu Hydrophobic,0.83066
46Leu 96Leu Hydrophobic,0.79895
45Thr 133Thr Hbond,0.59095
45Thr 93Thr Hbond,0.59025
5Thr 133Thr Hbond,0.55241
3Ser 133Thr Hbond,0.54259
5Thr 137Gln Hbond,0.53978
45Thr 91Ser Hbond,0.52601
49Gln 93Thr Hbond,0.51502
49Gln 96Leu Hbond,0.46012
2Tyr 129Trp Hbond,0.44663
8Leu 137Gln Hbond,0.44016
2Tyr 136Val Hbond,0.32703
48Val 90Tyr Hbond,0.29022
3Ser 129Trp Hbond,0.27749
2Tyr 147Leu Hbond,0.27063
41Trp 90Tyr Hbond,0.26404
49Gln 90Tyr Hbond,0.23434
4Pro 137Gln Hbond,0.22681
56Lys 90Tyr Hbond,0.20706
41Trp 91Ser Hbond,0.20646
59Leu 90Tyr Hbond,0.20192
2Tyr 137Gln Hbond,0.19124
44Glu 91Ser Hbond,0.18848
2Tyr 154Ala Hbond,0.18843
60Lys 90Tyr Hbond,0.17
2Tyr 144Lys Hbond,0.15773
3Ser 132Glu Hbond,0.15479
2Tyr 151Gly Hbond,0.13517
1Met 132Glu Hbond,0.12646
2Tyr 132Glu Hbond,0.12628
44Glu 90Tyr Hbond,0.10005
41Trp 93Thr Hbond,0.08598
63Gly 90Tyr Hbond,0.08088
44Glu 89Met Hbond,0.07992
63Gly 89Met Hbond,0.07497
1Met 152Pro Hbond,0.0713
45Thr 90Tyr Hbond,0.0656
2Tyr 133Thr Hbond,0.06332
64Pro 89Met Hbond,0.05333
2Tyr 152Pro Hbond,0.05215
1Met 154Ala Hbond,0.05048
66Ala 90Tyr Hbond,0.04389
1Met 153Ala Hbond,0.03795
35Ser 125Glu Hbond,0.0374
5Thr 129Trp Hbond,0.03097
64Pro 90Tyr Hbond,0.0308
65Ala 89Met Hbond,0.02849
1Met 155Thr Hbond,0.0228
38Val 126Val Hydrophobic,0.01526
66Ala 89Met Hbond,0.01385
