Residue Number,Normalised Score
133,1.0
45,0.93574
2,0.91571
90,0.89425
129,0.78848
41,0.72694
137,0.67711
134,0.56792
96,0.54813
93,0.54438
46,0.51881
5,0.51717
49,0.51575
8,0.50391
136,0.4049
120,0.40091
91,0.3989
3,0.39524
32,0.39367
132,0.38405
130,0.35653
135,0.3524
42,0.34904
44,0.32956
48,0.31336
47,0.25636
89,0.25009
154,0.23249
95,0.21967
40,0.20869
131,0.20661
39,0.20651
138,0.20597
127,0.20341
7,0.20174
128,0.19508
63,0.18909
147,0.18262
144,0.18174
113,0.18047
94,0.17408
56,0.16992
38,0.16711
125,0.15899
6,0.15852
59,0.15694
121,0.15683
126,0.15271
43,0.1503
116,0.13761
37,0.13477
115,0.13256
28,0.13101
60,0.12974
152,0.1293
140,0.12495
151,0.12478
25,0.12409
124,0.11982
98,0.11978
119,0.11879
52,0.11723
27,0.11683
50,0.11598
114,0.11575
83,0.11446
36,0.11336
171,0.11066
31,0.10411
117,0.10252
29,0.10043
161,0.09857
64,0.09836
66,0.09733
112,0.09344
4,0.08884
10,0.08632
33,0.08607
109,0.0847
24,0.08443
35,0.08351
166,0.08245
26,0.08225
104,0.08182
165,0.08163
162,0.07979
163,0.07882
150,0.07801
21,0.07698
99,0.07513
164,0.07452
139,0.0727
159,0.06959
92,0.06816
15,0.06781
146,0.0647
76,0.06384
155,0.06381
100,0.0599
16,0.05957
34,0.05836
118,0.05683
78,0.0568
110,0.05402
11,0.05375
12,0.05294
58,0.05266
156,0.05234
142,0.05107
72,0.04971
160,0.04934
51,0.04914
122,0.04884
103,0.0486
67,0.04603
62,0.04512
108,0.04474
18,0.04401
123,0.04392
174,0.04367
106,0.04302
107,0.04245
74,0.04236
30,0.04199
158,0.04146
79,0.04113
153,0.03979
54,0.03964
105,0.03952
75,0.03904
143,0.03819
97,0.03814
70,0.03774
77,0.03767
111,0.03632
22,0.03614
71,0.03588
20,0.0357
19,0.03548
168,0.03526
145,0.03517
55,0.03313
101,0.03245
65,0.03183
17,0.03153
148,0.03045
68,0.03041
73,0.02946
57,0.02919
80,0.02865
82,0.02747
85,0.02747
157,0.02684
23,0.02675
81,0.02593
84,0.02593
149,0.02443
9,0.0244
13,0.02435
167,0.02308
69,0.02099
14,0.01996
61,0.01887
141,0.01685
86,0.01644
169,0.01611
172,0.01611
102,0.01602
53,0.01536
87,0.0
88,0.0
170,0.0
173,0.0
