Residue Number,Normalised Score
133,1.0
45,0.88852
129,0.70108
2,0.67707
8,0.59105
137,0.59004
90,0.58187
5,0.56987
93,0.56471
96,0.56286
134,0.50987
41,0.50598
46,0.48731
49,0.46652
3,0.40745
91,0.38398
136,0.29306
32,0.29121
132,0.22666
42,0.21187
130,0.20979
39,0.19102
120,0.18002
135,0.17286
48,0.17191
44,0.16777
7,0.133
47,0.13139
121,0.12065
147,0.10996
125,0.10986
154,0.10774
40,0.09668
89,0.08775
95,0.08728
128,0.08112
4,0.07914
56,0.07871
34,0.07849
59,0.07567
33,0.0712
144,0.0685
151,0.065
63,0.06423
124,0.06397
36,0.06389
38,0.06271
29,0.06245
6,0.06223
60,0.06119
37,0.06111
28,0.06009
92,0.05669
31,0.05639
131,0.05068
127,0.04908
126,0.04881
25,0.04872
35,0.04703
94,0.04664
27,0.04661
138,0.04533
119,0.04439
115,0.04417
43,0.04397
152,0.04242
26,0.03885
64,0.02897
66,0.02885
116,0.02858
50,0.0271
113,0.02648
163,0.0224
150,0.02221
122,0.02196
98,0.02041
153,0.02018
10,0.0199
114,0.01978
30,0.01955
83,0.01895
24,0.01803
161,0.01782
140,0.01665
65,0.01642
165,0.01639
62,0.01561
166,0.01533
171,0.01529
52,0.01499
164,0.0148
142,0.01463
99,0.01459
78,0.01343
160,0.01339
162,0.01313
106,0.01181
174,0.01153
117,0.01147
21,0.01091
155,0.01073
146,0.01059
156,0.01038
67,0.01022
159,0.01007
109,0.00995
112,0.00989
74,0.00966
15,0.00964
139,0.00954
118,0.00952
22,0.00944
11,0.00906
104,0.00855
76,0.00845
71,0.0083
79,0.00788
77,0.00746
68,0.00733
103,0.00715
110,0.00708
16,0.00687
145,0.0067
72,0.00665
158,0.00623
107,0.00615
58,0.00605
97,0.00593
123,0.00584
100,0.00556
12,0.00543
20,0.00533
70,0.00521
80,0.0051
108,0.00487
148,0.00478
9,0.00478
143,0.0044
61,0.00421
51,0.00421
168,0.00419
111,0.00411
167,0.00376
75,0.00366
102,0.00358
149,0.00333
18,0.00327
19,0.00315
105,0.00315
169,0.003
172,0.003
13,0.00295
54,0.00289
81,0.00289
84,0.00289
101,0.00263
57,0.00248
17,0.00244
82,0.00241
85,0.00241
141,0.00231
55,0.00224
73,0.00209
14,0.00199
86,0.0017
53,0.0014
23,0.00121
69,0.00116
157,0.00082
87,0.0
88,0.0
170,0.0
173,0.0
