Feature,Score
54Gln 142Gln Hbond,0.99998
40Gly 172Phe Hbond,0.98683
45Tyr 146Met Other,0.98542
54Gln 156Trp Hbond,0.98241
56Phe 142Gln Hbond,0.98175
41Cys 172Phe Other,0.98045
54Gln 144Leu Hbond,0.97712
81Ile 144Leu Hydrophobic,0.97396
83Hip 171Asp Hbond,0.9605
43Met 146Met Other,0.95962
55Tyr 142Gln Other,0.95363
52Gly 157Gly Other,0.95232
52Gly 156Trp Other,0.9354
53Leu 157Gly Other,0.93253
56Phe 144Leu Hydrophobic,0.92127
81Ile 169Val Hydrophobic,0.90762
59Arg 171Asp Saltbr,0.89671
51Ser 155Asp Hbond,0.89134
52Gly 155Asp Hbond,0.87141
79Arg 147Pro Hbond,0.85714
80Leu 146Met Other,0.84026
45Tyr 144Leu Other,0.80572
82Pro 171Asp Other,0.77795
81Ile 146Met Other,0.75604
40Gly 171Asp Hbond,0.75437
56Phe 167Arg Other,0.66207
56Phe 170Ile Hydrophobic,0.65814
79Arg 146Met Other,0.64364
53Leu 141Arg Other,0.64094
58Arg 172Phe Hbond,0.58034
81Ile 129Ser Other,0.57084
41Cys 171Asp Other,0.56587
40Gly 173Ser Hbond,0.50778
82Pro 146Met Other,0.46136
59Arg 173Ser Hbond,0.43531
56Phe 169Val Hydrophobic,0.40046
54Gln 143Tyr Other,0.38825
59Arg 172Phe Hbond,0.25864
43Met 144Leu Other,0.22396
83Hip 173Ser Hbond,0.11843
