Feature,Score
54Gln 156Trp Hbond,0.94507
54Gln 144Leu Hbond,0.91027
52Gly 155Asp Hbond,0.86526
51Ser 155Asp Hbond,0.85786
52Gly 156Trp Other,0.85145
81Ile 144Leu Hydrophobic,0.83508
54Gln 142Gln Hbond,0.82948
40Gly 172Phe Hbond,0.80991
45Tyr 146Met Other,0.80705
79Arg 147Pro Hbond,0.79713
41Cys 172Phe Other,0.79705
52Gly 157Gly Other,0.77899
55Tyr 142Gln Other,0.76923
53Leu 157Gly Other,0.76828
83Hip 171Asp Hbond,0.74835
59Arg 171Asp Saltbr,0.73551
56Phe 142Gln Hbond,0.73105
40Gly 171Asp Hbond,0.70351
81Ile 169Val Hydrophobic,0.6894
43Met 146Met Other,0.68476
82Pro 171Asp Other,0.68069
45Tyr 144Leu Other,0.66256
56Phe 144Leu Hydrophobic,0.6547
56Phe 167Arg Other,0.56918
80Leu 146Met Other,0.53531
40Gly 173Ser Hbond,0.44703
53Leu 141Arg Other,0.43247
81Ile 146Met Other,0.39203
56Phe 170Ile Hydrophobic,0.34625
54Gln 143Tyr Other,0.32099
79Arg 146Met Other,0.30843
58Arg 172Phe Hbond,0.26495
81Ile 129Ser Other,0.20908
41Cys 171Asp Other,0.19188
56Phe 169Val Hydrophobic,0.17646
59Arg 173Ser Hbond,0.14054
43Met 144Leu Other,0.14051
82Pro 146Met Other,0.13829
83Hip 173Ser Hbond,0.11685
59Arg 172Phe Hbond,0.0857
